genome_id,drug,phenotype,mic
GEN-0001,Ceftriaxone,S,0.12
GEN-0001,Ciprofloxacin,R,64.0
GEN-0001,Gentamicin,S,0.12
GEN-0001,Meropenem,S,0.03
GEN-0002,Ceftriaxone,R,16.0
GEN-0002,Ciprofloxacin,S,0.03
GEN-0002,Gentamicin,S,0.03
GEN-0002,Meropenem,S,0.25
GEN-0003,Ceftriaxone,S,0.25
GEN-0003,Ciprofloxacin,R,32.0
GEN-0003,Gentamicin,S,0.06
GEN-0004,Ceftriaxone,S,0.03
GEN-0004,Ciprofloxacin,R,32.0
GEN-0004,Gentamicin,S,0.12
GEN-0004,Meropenem,S,0.03
GEN-0005,Ciprofloxacin,S,0.12
GEN-0005,Gentamicin,S,0.06
GEN-0006,Ceftriaxone,S,0.12
GEN-0006,Meropenem,S,0.12
GEN-0007,Ciprofloxacin,R,16.0
GEN-0007,Gentamicin,S,0.25
GEN-0008,Ciprofloxacin,R,16.0
GEN-0008,Gentamicin,S,0.12
GEN-0008,Meropenem,S,0.06
GEN-0009,Ceftriaxone,R,16.0
GEN-0009,Ciprofloxacin,S,0.25
GEN-0009,Gentamicin,S,0.12
GEN-0009,Meropenem,S,0.03
GEN-0010,Ceftriaxone,R,32.0
GEN-0010,Ciprofloxacin,S,0.06
GEN-0010,Gentamicin,S,0.03
GEN-0010,Meropenem,S,0.03
GEN-0011,Ceftriaxone,R,64.0
GEN-0011,Ciprofloxacin,S,0.06
GEN-0011,Gentamicin,S,0.03
GEN-0011,Meropenem,S,0.03
GEN-0012,Ceftriaxone,R,16.0
GEN-0012,Ciprofloxacin,S,0.03
GEN-0012,Gentamicin,S,0.03
GEN-0012,Meropenem,S,0.12
GEN-0013,Ceftriaxone,R,64.0
GEN-0013,Ciprofloxacin,S,0.25
GEN-0013,Gentamicin,S,0.03
GEN-0014,Ceftriaxone,R,16.0
GEN-0014,Ciprofloxacin,S,0.03
GEN-0014,Meropenem,S,0.03
GEN-0015,Ceftriaxone,R,8.0
GEN-0015,Ciprofloxacin,S,0.12
GEN-0015,Gentamicin,S,0.12
GEN-0015,Meropenem,S,0.25
GEN-0016,Ceftriaxone,R,8.0
GEN-0016,Ciprofloxacin,S,0.03
GEN-0016,Meropenem,S,0.12
GEN-0017,Ceftriaxone,R,32.0
GEN-0017,Ciprofloxacin,S,0.25
GEN-0017,Gentamicin,S,0.03
GEN-0017,Meropenem,S,0.06
GEN-0018,Ceftriaxone,R,32.0
GEN-0018,Ciprofloxacin,S,0.06
GEN-0018,Gentamicin,S,0.06
GEN-0018,Meropenem,S,0.03
GEN-0019,Ceftriaxone,R,16.0
GEN-0019,Ciprofloxacin,R,8.0
GEN-0019,Gentamicin,R,64.0
GEN-0019,Meropenem,S,0.03
GEN-0020,Ceftriaxone,R,16.0
GEN-0020,Gentamicin,S,0.12
GEN-0020,Meropenem,S,0.06
GEN-0021,Ceftriaxone,R,32.0
GEN-0021,Ciprofloxacin,R,8.0
GEN-0021,Gentamicin,S,0.25
GEN-0022,Ceftriaxone,R,16.0
GEN-0022,Ciprofloxacin,R,16.0
GEN-0022,Gentamicin,S,0.12
GEN-0022,Meropenem,S,0.12
GEN-0023,Ceftriaxone,S,0.25
GEN-0023,Ciprofloxacin,R,32.0
GEN-0023,Gentamicin,S,0.06
GEN-0024,Ceftriaxone,R,16.0
GEN-0024,Ciprofloxacin,S,0.12
GEN-0025,Ceftriaxone,R,16.0
GEN-0025,Ciprofloxacin,R,8.0
GEN-0025,Gentamicin,S,0.03
GEN-0025,Meropenem,S,0.06
GEN-0026,Ciprofloxacin,R,16.0
GEN-0026,Gentamicin,S,0.03
GEN-0027,Gentamicin,R,32.0
GEN-0028,Gentamicin,R,8.0
GEN-0029,Ciprofloxacin,R,8.0
GEN-0029,Gentamicin,R,64.0
GEN-0030,Ciprofloxacin,R,32.0
GEN-0030,Gentamicin,R,8.0
GEN-0032,Ciprofloxacin,R,8.0
GEN-0032,Gentamicin,R,32.0
GEN-0033,Gentamicin,R,8.0
GEN-0034,Ciprofloxacin,R,32.0
GEN-0034,Gentamicin,R,32.0
GEN-0035,Ciprofloxacin,R,32.0
GEN-0036,Ceftriaxone,S,0.12
GEN-0036,Ciprofloxacin,S,0.06
GEN-0036,Gentamicin,S,0.12
GEN-0036,Meropenem,S,0.03
GEN-0037,Ceftriaxone,S,0.06
GEN-0037,Ciprofloxacin,S,0.03
GEN-0037,Gentamicin,S,0.03
GEN-0038,Ceftriaxone,S,0.25
GEN-0038,Ciprofloxacin,R,16.0
GEN-0038,Meropenem,S,0.12
GEN-0039,Ceftriaxone,S,0.12
GEN-0039,Ciprofloxacin,R,32.0
GEN-0039,Gentamicin,S,0.03
GEN-0039,Meropenem,S,0.12
GEN-0040,Ceftriaxone,S,0.12
GEN-0040,Gentamicin,S,0.03
GEN-0040,Meropenem,S,0.12
GEN-0041,Ceftriaxone,S,0.03
GEN-0041,Ciprofloxacin,R,8.0
GEN-0041,Meropenem,R,8.0
GEN-0042,Ciprofloxacin,S,0.25
GEN-0042,Gentamicin,S,0.25
GEN-0042,Meropenem,S,0.25
GEN-0043,Ceftriaxone,R,16.0
GEN-0043,Ciprofloxacin,S,0.25
GEN-0043,Gentamicin,S,0.12
GEN-0043,Meropenem,R,8.0
GEN-0044,Ceftriaxone,S,0.25
GEN-0044,Ciprofloxacin,S,0.12
GEN-0044,Gentamicin,S,0.06
GEN-0044,Meropenem,S,0.03
GEN-0045,Ceftriaxone,S,0.03
GEN-0045,Ciprofloxacin,S,0.25
GEN-0045,Gentamicin,S,0.25
GEN-0045,Meropenem,S,0.12
GEN-0046,Ceftriaxone,S,0.06
GEN-0046,Ciprofloxacin,S,0.25
GEN-0046,Gentamicin,S,0.12
GEN-0046,Meropenem,S,0.25
GEN-0047,Ceftriaxone,S,0.06
GEN-0047,Ciprofloxacin,S,0.06
GEN-0047,Gentamicin,S,0.06
GEN-0047,Meropenem,S,0.12
GEN-0048,Ceftriaxone,S,0.12
GEN-0048,Gentamicin,S,0.25
GEN-0049,Ceftriaxone,R,8.0
GEN-0049,Gentamicin,S,0.06
GEN-0049,Meropenem,S,0.03
GEN-0050,Ciprofloxacin,S,0.03
GEN-0050,Gentamicin,S,0.25
GEN-0051,Ceftriaxone,S,0.12
GEN-0051,Ciprofloxacin,S,0.03
GEN-0052,Ceftriaxone,S,0.12
GEN-0052,Ciprofloxacin,S,0.06
GEN-0052,Meropenem,S,0.12
GEN-0053,Ceftriaxone,S,0.03
GEN-0053,Gentamicin,S,0.03
GEN-0053,Meropenem,S,0.03
GEN-0054,Ciprofloxacin,S,0.03
GEN-0054,Gentamicin,R,8.0
GEN-0055,Ceftriaxone,S,0.03
GEN-0055,Ciprofloxacin,S,0.25
GEN-0055,Meropenem,R,8.0
GEN-0056,Gentamicin,S,0.12
GEN-0056,Meropenem,R,16.0
GEN-0057,Ciprofloxacin,S,0.06
GEN-0057,Meropenem,S,0.06
GEN-0058,Ceftriaxone,S,0.03
GEN-0058,Ciprofloxacin,S,0.25
GEN-0058,Gentamicin,S,0.12
GEN-0058,Meropenem,S,0.12
GEN-0059,Ceftriaxone,R,32.0
GEN-0059,Ciprofloxacin,S,0.12
GEN-0059,Gentamicin,S,0.25
GEN-0059,Meropenem,R,8.0
GEN-0060,Ceftriaxone,S,0.25
GEN-0060,Ciprofloxacin,S,0.12
GEN-0060,Meropenem,S,0.03
GEN-0061,Ceftriaxone,S,0.03
GEN-0061,Ciprofloxacin,S,0.03
GEN-0061,Gentamicin,S,0.06
GEN-0061,Meropenem,S,0.03
GEN-0062,Ciprofloxacin,S,0.25
GEN-0062,Gentamicin,S,0.06
GEN-0063,Ceftriaxone,S,0.03
GEN-0063,Ciprofloxacin,R,16.0
GEN-0063,Gentamicin,S,0.25
GEN-0063,Meropenem,S,0.25
GEN-0064,Ciprofloxacin,S,0.06
GEN-0064,Gentamicin,S,0.03
GEN-0064,Meropenem,S,0.12
GEN-0065,Ceftriaxone,S,0.06
GEN-0065,Gentamicin,S,0.03
GEN-0065,Meropenem,S,0.12
GEN-0066,Ciprofloxacin,S,0.03
GEN-0066,Gentamicin,S,0.12
GEN-0066,Meropenem,R,16.0
GEN-0067,Ceftriaxone,S,0.25
GEN-0067,Ciprofloxacin,S,0.03
GEN-0067,Gentamicin,S,0.03
GEN-0068,Ceftriaxone,S,0.03
GEN-0068,Ciprofloxacin,S,0.12
GEN-0068,Gentamicin,S,0.25
GEN-0068,Meropenem,S,0.03
GEN-0069,Ceftriaxone,S,0.03
GEN-0069,Ciprofloxacin,S,0.12
GEN-0069,Gentamicin,S,0.12
GEN-0070,Ceftriaxone,S,0.12
GEN-0070,Ciprofloxacin,S,0.12
GEN-0070,Gentamicin,S,0.06
GEN-0070,Meropenem,S,0.12
GEN-0071,Ceftriaxone,S,0.03
GEN-0071,Gentamicin,S,0.06
GEN-0071,Meropenem,R,8.0
GEN-0072,Ceftriaxone,S,0.12
GEN-0072,Ciprofloxacin,S,0.25
GEN-0072,Gentamicin,S,0.12
GEN-0072,Meropenem,S,0.03
GEN-0073,Ceftriaxone,S,0.12
GEN-0073,Ciprofloxacin,S,0.03
GEN-0073,Meropenem,S,0.12
GEN-0074,Ceftriaxone,S,0.03
GEN-0074,Ciprofloxacin,S,0.06
GEN-0074,Gentamicin,S,0.25
GEN-0074,Meropenem,S,0.25
GEN-0075,Ceftriaxone,S,0.06
GEN-0076,Ceftriaxone,S,0.25
GEN-0076,Ciprofloxacin,S,0.25
GEN-0076,Gentamicin,S,0.06
GEN-0076,Meropenem,S,0.06
GEN-0077,Ceftriaxone,S,0.03
GEN-0077,Ciprofloxacin,S,0.06
GEN-0077,Gentamicin,S,0.12
GEN-0078,Ceftriaxone,S,0.06
GEN-0078,Ciprofloxacin,S,0.25
GEN-0078,Gentamicin,S,0.06
GEN-0078,Meropenem,S,0.12
GEN-0079,Ceftriaxone,S,0.12
GEN-0079,Ciprofloxacin,S,0.25
GEN-0079,Gentamicin,S,0.25
GEN-0080,Ceftriaxone,S,0.03
GEN-0080,Ciprofloxacin,S,0.12
GEN-0080,Gentamicin,S,0.12
GEN-0080,Meropenem,S,0.25
GEN-0081,Ceftriaxone,S,0.03
GEN-0081,Gentamicin,S,0.06
GEN-0082,Ceftriaxone,S,0.03
GEN-0082,Ciprofloxacin,S,0.12
GEN-0082,Gentamicin,S,0.06
GEN-0082,Meropenem,S,0.12
GEN-0083,Ceftriaxone,S,0.06
GEN-0083,Ciprofloxacin,S,0.06
GEN-0083,Gentamicin,S,0.25
GEN-0083,Meropenem,S,0.25
GEN-0084,Ceftriaxone,S,0.12
GEN-0084,Gentamicin,R,64.0
GEN-0084,Meropenem,S,0.25
GEN-0085,Ceftriaxone,S,0.03
GEN-0085,Ciprofloxacin,S,0.12
GEN-0085,Gentamicin,S,0.25
GEN-0085,Meropenem,S,0.12
GEN-0086,Ceftriaxone,S,0.03
GEN-0086,Ciprofloxacin,R,32.0
GEN-0086,Gentamicin,S,0.25
GEN-0086,Meropenem,S,0.25
GEN-0087,Gentamicin,S,0.06
GEN-0087,Meropenem,S,0.25
GEN-0088,Ciprofloxacin,S,0.12
GEN-0088,Gentamicin,S,0.06
GEN-0088,Meropenem,S,0.06
GEN-0089,Ciprofloxacin,S,0.03
GEN-0089,Gentamicin,S,0.25
GEN-0090,Ceftriaxone,S,0.25
GEN-0090,Gentamicin,S,0.25
GEN-0090,Meropenem,S,0.25
GEN-0091,Ceftriaxone,S,0.25
GEN-0091,Ciprofloxacin,S,0.12
GEN-0091,Gentamicin,R,32.0
GEN-0091,Meropenem,S,0.06
GEN-0092,Ceftriaxone,R,8.0
GEN-0092,Gentamicin,S,0.25
GEN-0092,Meropenem,S,0.25
GEN-0093,Ceftriaxone,R,16.0
GEN-0093,Gentamicin,S,0.03
GEN-0093,Meropenem,S,0.03
GEN-0094,Gentamicin,S,0.06
GEN-0094,Meropenem,S,0.03
GEN-0095,Ceftriaxone,R,32.0
GEN-0095,Gentamicin,S,0.25
GEN-0095,Meropenem,R,8.0
GEN-0096,Ceftriaxone,S,0.12
GEN-0096,Gentamicin,S,0.06
GEN-0096,Meropenem,S,0.06
GEN-0097,Ceftriaxone,R,8.0
GEN-0097,Gentamicin,S,0.06
GEN-0097,Meropenem,R,32.0
GEN-0098,Ceftriaxone,R,32.0
GEN-0098,Ciprofloxacin,R,32.0
GEN-0098,Gentamicin,S,0.12
GEN-0099,Ceftriaxone,R,32.0
GEN-0099,Ciprofloxacin,R,16.0
GEN-0099,Gentamicin,S,0.06
GEN-0099,Meropenem,S,0.12
GEN-0100,Ciprofloxacin,R,8.0
GEN-0100,Gentamicin,S,0.25
GEN-0101,Ceftriaxone,R,8.0
GEN-0101,Ciprofloxacin,R,64.0
GEN-0102,Ceftriaxone,R,8.0
GEN-0102,Ciprofloxacin,R,16.0
GEN-0102,Gentamicin,S,0.25
GEN-0102,Meropenem,R,16.0
GEN-0103,Ceftriaxone,R,64.0
GEN-0103,Gentamicin,S,0.12
GEN-0103,Meropenem,S,0.03
GEN-0104,Ceftriaxone,R,16.0
GEN-0104,Ciprofloxacin,R,64.0
GEN-0104,Gentamicin,S,0.03
GEN-0104,Meropenem,S,0.06
GEN-0105,Ciprofloxacin,R,8.0
GEN-0105,Gentamicin,S,0.06
GEN-0106,Ceftriaxone,R,64.0
GEN-0106,Ciprofloxacin,R,16.0
GEN-0106,Gentamicin,R,8.0
GEN-0106,Meropenem,S,0.06
GEN-0107,Gentamicin,S,0.25
GEN-0108,Ceftriaxone,S,0.12
GEN-0108,Ciprofloxacin,R,64.0
GEN-0108,Gentamicin,S,0.06
GEN-0108,Meropenem,S,0.03
GEN-0109,Ceftriaxone,R,32.0
GEN-0109,Ciprofloxacin,R,8.0
GEN-0109,Gentamicin,S,0.25
GEN-0109,Meropenem,S,0.03
GEN-0110,Ceftriaxone,S,0.06
GEN-0110,Gentamicin,S,0.12
GEN-0110,Meropenem,S,0.12
GEN-0111,Ceftriaxone,R,8.0
GEN-0111,Ciprofloxacin,R,64.0
GEN-0111,Gentamicin,S,0.25
GEN-0112,Ceftriaxone,S,0.12
GEN-0112,Gentamicin,S,0.03
GEN-0113,Ceftriaxone,S,0.12
GEN-0113,Gentamicin,S,0.03
GEN-0113,Meropenem,S,0.03
GEN-0114,Ceftriaxone,R,8.0
GEN-0114,Gentamicin,S,0.25
GEN-0114,Meropenem,S,0.25
GEN-0115,Ciprofloxacin,R,64.0
GEN-0115,Gentamicin,S,0.06
GEN-0116,Ceftriaxone,R,32.0
GEN-0116,Ciprofloxacin,R,8.0
GEN-0116,Gentamicin,S,0.25
GEN-0116,Meropenem,S,0.25
GEN-0117,Ceftriaxone,R,8.0
GEN-0117,Ciprofloxacin,R,16.0
GEN-0117,Meropenem,S,0.25
GEN-0118,Ceftriaxone,R,64.0
GEN-0118,Ciprofloxacin,R,16.0
GEN-0118,Gentamicin,S,0.03
GEN-0118,Meropenem,R,64.0
GEN-0119,Gentamicin,S,0.25
GEN-0119,Meropenem,S,0.12
GEN-0120,Ceftriaxone,R,8.0
GEN-0120,Gentamicin,S,0.25
GEN-0120,Meropenem,S,0.03
GEN-0121,Ceftriaxone,R,32.0
GEN-0121,Gentamicin,S,0.06
GEN-0122,Ceftriaxone,R,32.0
GEN-0122,Ciprofloxacin,R,64.0
GEN-0122,Gentamicin,S,0.03
GEN-0122,Meropenem,S,0.03
GEN-0123,Ceftriaxone,R,64.0
GEN-0123,Ciprofloxacin,R,32.0
GEN-0123,Gentamicin,S,0.06
GEN-0123,Meropenem,S,0.25
GEN-0124,Ceftriaxone,R,16.0
GEN-0124,Ciprofloxacin,R,64.0
GEN-0124,Gentamicin,S,0.12
GEN-0124,Meropenem,S,0.03
GEN-0125,Ceftriaxone,R,8.0
GEN-0125,Ciprofloxacin,S,0.25
GEN-0125,Gentamicin,S,0.03
GEN-0125,Meropenem,S,0.25
GEN-0126,Ceftriaxone,R,16.0
GEN-0126,Ciprofloxacin,R,8.0
GEN-0126,Gentamicin,S,0.12
GEN-0127,Ciprofloxacin,R,32.0
GEN-0127,Meropenem,S,0.06
GEN-0128,Ceftriaxone,R,8.0
GEN-0128,Ciprofloxacin,R,8.0
GEN-0128,Gentamicin,S,0.12
GEN-0128,Meropenem,S,0.03
GEN-0129,Ciprofloxacin,R,16.0
GEN-0129,Gentamicin,S,0.12
GEN-0129,Meropenem,S,0.12
GEN-0130,Ceftriaxone,R,64.0
GEN-0130,Ciprofloxacin,R,64.0
GEN-0130,Gentamicin,S,0.03
GEN-0131,Ceftriaxone,R,8.0
GEN-0131,Ciprofloxacin,R,32.0
GEN-0131,Gentamicin,S,0.25
GEN-0132,Gentamicin,R,64.0
GEN-0132,Meropenem,S,0.25
GEN-0133,Ciprofloxacin,R,16.0
GEN-0134,Ciprofloxacin,R,8.0
GEN-0134,Gentamicin,R,8.0
GEN-0134,Meropenem,S,0.25
GEN-0135,Ceftriaxone,S,0.12
GEN-0135,Ciprofloxacin,R,16.0
GEN-0135,Meropenem,S,0.12
GEN-0136,Ceftriaxone,S,0.25
GEN-0136,Ciprofloxacin,S,0.12
GEN-0136,Gentamicin,R,16.0
GEN-0136,Meropenem,S,0.03
GEN-0137,Ceftriaxone,S,0.06
GEN-0137,Ciprofloxacin,R,8.0
GEN-0137,Gentamicin,R,16.0
GEN-0137,Meropenem,S,0.03
GEN-0138,Ceftriaxone,S,0.12
GEN-0138,Ciprofloxacin,R,32.0
GEN-0138,Gentamicin,R,64.0
GEN-0138,Meropenem,S,0.25
GEN-0139,Ceftriaxone,S,0.12
GEN-0139,Ciprofloxacin,R,32.0
GEN-0139,Gentamicin,R,8.0
GEN-0139,Meropenem,S,0.25
GEN-0140,Ceftriaxone,R,8.0
GEN-0140,Ciprofloxacin,S,0.12
GEN-0140,Gentamicin,R,32.0
GEN-0140,Meropenem,S,0.12
GEN-0141,Ciprofloxacin,S,0.03
GEN-0141,Gentamicin,R,8.0
GEN-0141,Meropenem,S,0.03
GEN-0142,Ceftriaxone,S,0.03
GEN-0142,Gentamicin,R,32.0
GEN-0142,Meropenem,S,0.06
GEN-0143,Ceftriaxone,S,0.25
GEN-0143,Gentamicin,R,64.0
GEN-0143,Meropenem,S,0.06
GEN-0144,Ceftriaxone,S,0.25
GEN-0144,Ciprofloxacin,S,0.06
GEN-0144,Gentamicin,R,16.0
GEN-0145,Ceftriaxone,S,0.06
GEN-0145,Ciprofloxacin,S,0.25
GEN-0145,Gentamicin,R,8.0
GEN-0145,Meropenem,S,0.12
GEN-0146,Ceftriaxone,S,0.12
GEN-0146,Ciprofloxacin,R,32.0
GEN-0146,Meropenem,S,0.25
GEN-0147,Ceftriaxone,S,0.03
GEN-0147,Ciprofloxacin,R,8.0
GEN-0147,Meropenem,S,0.25
GEN-0148,Ceftriaxone,S,0.03
GEN-0148,Ciprofloxacin,R,16.0
GEN-0148,Meropenem,S,0.25
GEN-0149,Ceftriaxone,S,0.12
GEN-0149,Ciprofloxacin,S,0.06
GEN-0149,Meropenem,S,0.03
GEN-0150,Ceftriaxone,S,0.03
GEN-0150,Ciprofloxacin,R,8.0
GEN-0150,Meropenem,S,0.06
GEN-0151,Ciprofloxacin,R,8.0
GEN-0151,Meropenem,S,0.25
GEN-0152,Ceftriaxone,S,0.25
GEN-0152,Ciprofloxacin,R,64.0
GEN-0152,Meropenem,R,32.0
GEN-0153,Ceftriaxone,S,0.12
GEN-0153,Ciprofloxacin,R,16.0
GEN-0153,Gentamicin,S,0.12
GEN-0153,Meropenem,S,0.25
GEN-0154,Ceftriaxone,S,0.06
GEN-0154,Ciprofloxacin,R,32.0
GEN-0154,Gentamicin,S,0.25
GEN-0154,Meropenem,S,0.03
GEN-0155,Ceftriaxone,S,0.06
GEN-0155,Gentamicin,S,0.06
GEN-0155,Meropenem,S,0.25
GEN-0156,Ceftriaxone,S,0.12
GEN-0156,Ciprofloxacin,R,8.0
GEN-0156,Gentamicin,S,0.03
GEN-0157,Ceftriaxone,S,0.06
GEN-0157,Meropenem,S,0.06
GEN-0158,Ciprofloxacin,R,32.0
GEN-0158,Gentamicin,R,32.0
GEN-0158,Meropenem,S,0.03
GEN-0159,Ciprofloxacin,R,32.0
GEN-0159,Meropenem,S,0.12
GEN-0160,Ciprofloxacin,R,32.0
GEN-0160,Gentamicin,S,0.12
GEN-0161,Ciprofloxacin,R,8.0
GEN-0161,Gentamicin,R,16.0
GEN-0162,Ceftriaxone,S,0.06
GEN-0162,Gentamicin,R,16.0
GEN-0162,Meropenem,S,0.25
GEN-0163,Ceftriaxone,S,0.06
GEN-0163,Ciprofloxacin,R,32.0
GEN-0163,Meropenem,S,0.06
GEN-0164,Ciprofloxacin,R,8.0
GEN-0164,Gentamicin,S,0.25
GEN-0165,Ceftriaxone,S,0.03
GEN-0165,Ciprofloxacin,R,32.0
GEN-0166,Ceftriaxone,S,0.03
GEN-0166,Ciprofloxacin,R,16.0
GEN-0166,Gentamicin,S,0.25
GEN-0167,Ceftriaxone,S,0.12
GEN-0167,Ciprofloxacin,R,16.0
GEN-0167,Gentamicin,S,0.06
GEN-0167,Meropenem,S,0.12
GEN-0168,Ceftriaxone,S,0.12
GEN-0168,Ciprofloxacin,R,8.0
GEN-0168,Gentamicin,S,0.03
GEN-0168,Meropenem,S,0.06
GEN-0169,Ceftriaxone,R,64.0
GEN-0169,Ciprofloxacin,S,0.03
GEN-0169,Gentamicin,R,64.0
GEN-0169,Meropenem,R,16.0
GEN-0170,Ceftriaxone,R,16.0
GEN-0170,Ciprofloxacin,S,0.25
GEN-0170,Gentamicin,R,32.0
GEN-0170,Meropenem,S,0.12
GEN-0171,Ciprofloxacin,S,0.25
GEN-0171,Gentamicin,R,8.0
GEN-0171,Meropenem,S,0.06
GEN-0172,Ceftriaxone,R,64.0
GEN-0172,Ciprofloxacin,S,0.25
GEN-0172,Gentamicin,S,0.06
GEN-0172,Meropenem,R,8.0
GEN-0173,Ceftriaxone,R,16.0
GEN-0173,Ciprofloxacin,S,0.03
GEN-0173,Gentamicin,R,8.0
GEN-0173,Meropenem,S,0.06
GEN-0174,Ceftriaxone,R,64.0
GEN-0174,Ciprofloxacin,S,0.12
GEN-0174,Gentamicin,R,16.0
GEN-0175,Ceftriaxone,R,32.0
GEN-0175,Ciprofloxacin,S,0.03
GEN-0175,Gentamicin,R,32.0
GEN-0176,Ceftriaxone,R,32.0
GEN-0176,Ciprofloxacin,R,16.0
GEN-0176,Gentamicin,R,16.0
GEN-0176,Meropenem,S,0.06
GEN-0177,Ceftriaxone,R,16.0
GEN-0177,Ciprofloxacin,S,0.03
GEN-0177,Gentamicin,R,16.0
GEN-0178,Ceftriaxone,R,64.0
GEN-0178,Ciprofloxacin,S,0.12
GEN-0178,Gentamicin,R,32.0
GEN-0178,Meropenem,S,0.25
GEN-0179,Ceftriaxone,R,64.0
GEN-0179,Ciprofloxacin,S,0.06
GEN-0179,Gentamicin,R,8.0
GEN-0179,Meropenem,S,0.06
GEN-0180,Ceftriaxone,S,0.12
GEN-0180,Gentamicin,S,0.12
GEN-0180,Meropenem,S,0.03
GEN-0181,Ceftriaxone,R,16.0
GEN-0181,Ciprofloxacin,R,32.0
GEN-0181,Meropenem,S,0.25
GEN-0182,Ceftriaxone,S,0.25
GEN-0182,Ciprofloxacin,R,32.0
GEN-0182,Gentamicin,S,0.06
GEN-0182,Meropenem,S,0.25
GEN-0183,Ciprofloxacin,R,64.0
GEN-0183,Gentamicin,S,0.25
GEN-0183,Meropenem,S,0.12
GEN-0184,Ceftriaxone,R,16.0
GEN-0184,Ciprofloxacin,R,16.0
GEN-0184,Meropenem,S,0.03
GEN-0185,Ceftriaxone,S,0.06
GEN-0185,Gentamicin,S,0.12
GEN-0186,Ciprofloxacin,R,32.0
GEN-0186,Gentamicin,S,0.03
GEN-0186,Meropenem,R,8.0
GEN-0187,Ceftriaxone,S,0.03
GEN-0187,Ciprofloxacin,S,0.12
GEN-0187,Gentamicin,S,0.06
GEN-0187,Meropenem,R,64.0
GEN-0188,Ceftriaxone,S,0.25
GEN-0188,Ciprofloxacin,R,32.0
GEN-0188,Gentamicin,S,0.25
GEN-0188,Meropenem,S,0.12
GEN-0189,Ciprofloxacin,R,64.0
GEN-0189,Meropenem,S,0.03
GEN-0190,Ceftriaxone,S,0.12
GEN-0190,Ciprofloxacin,R,8.0
GEN-0190,Gentamicin,S,0.12
GEN-0190,Meropenem,S,0.03
GEN-0191,Ceftriaxone,S,0.12
GEN-0191,Ciprofloxacin,R,16.0
GEN-0191,Gentamicin,S,0.06
GEN-0191,Meropenem,S,0.03
GEN-0192,Ceftriaxone,S,0.12
GEN-0192,Ciprofloxacin,R,16.0
GEN-0192,Gentamicin,S,0.06
GEN-0192,Meropenem,S,0.06
GEN-0193,Gentamicin,S,0.12
GEN-0194,Gentamicin,S,0.12
GEN-0194,Meropenem,S,0.25
GEN-0195,Ciprofloxacin,R,32.0
GEN-0195,Gentamicin,S,0.12
GEN-0195,Meropenem,S,0.06
GEN-0196,Ceftriaxone,S,0.03
GEN-0196,Ciprofloxacin,R,8.0
GEN-0196,Gentamicin,S,0.25
GEN-0196,Meropenem,S,0.06
GEN-0197,Ciprofloxacin,R,32.0
GEN-0197,Gentamicin,S,0.03
GEN-0198,Ceftriaxone,S,0.25
GEN-0198,Ciprofloxacin,S,0.03
GEN-0198,Gentamicin,R,32.0
GEN-0198,Meropenem,S,0.25
GEN-0199,Ceftriaxone,S,0.06
GEN-0199,Ciprofloxacin,S,0.12
GEN-0199,Gentamicin,S,0.06
GEN-0199,Meropenem,S,0.12
GEN-0200,Ceftriaxone,S,0.12
GEN-0200,Gentamicin,S,0.25
GEN-0201,Ceftriaxone,S,0.12
GEN-0201,Ciprofloxacin,S,0.12
GEN-0201,Gentamicin,S,0.25
GEN-0201,Meropenem,R,64.0
GEN-0202,Ceftriaxone,S,0.06
GEN-0202,Ciprofloxacin,S,0.12
GEN-0202,Gentamicin,S,0.06
GEN-0202,Meropenem,S,0.03
GEN-0203,Ceftriaxone,S,0.03
GEN-0203,Gentamicin,S,0.06
GEN-0203,Meropenem,S,0.12
GEN-0204,Gentamicin,R,32.0
GEN-0205,Ceftriaxone,R,8.0
GEN-0205,Gentamicin,R,32.0
GEN-0205,Meropenem,S,0.06
GEN-0206,Ceftriaxone,R,64.0
GEN-0206,Meropenem,S,0.06
GEN-0207,Ceftriaxone,R,16.0
GEN-0207,Ciprofloxacin,R,16.0
GEN-0207,Gentamicin,R,32.0
GEN-0207,Meropenem,S,0.03
GEN-0208,Ceftriaxone,R,8.0
GEN-0208,Ciprofloxacin,S,0.25
GEN-0208,Gentamicin,R,16.0
GEN-0208,Meropenem,S,0.06
GEN-0209,Ceftriaxone,R,64.0
GEN-0210,Ciprofloxacin,S,0.06
GEN-0210,Gentamicin,S,0.12
GEN-0211,Ceftriaxone,R,8.0
GEN-0211,Gentamicin,S,0.25
GEN-0211,Meropenem,S,0.06
GEN-0212,Ceftriaxone,R,16.0
GEN-0212,Ciprofloxacin,R,64.0
GEN-0212,Gentamicin,R,8.0
GEN-0212,Meropenem,S,0.25
GEN-0213,Ceftriaxone,R,8.0
GEN-0213,Ciprofloxacin,S,0.03
GEN-0213,Gentamicin,R,16.0
GEN-0213,Meropenem,S,0.06
GEN-0214,Ceftriaxone,R,64.0
GEN-0214,Ciprofloxacin,S,0.03
GEN-0214,Meropenem,S,0.06
GEN-0215,Ceftriaxone,R,16.0
GEN-0215,Gentamicin,S,0.06
GEN-0215,Meropenem,S,0.06
GEN-0216,Ceftriaxone,R,16.0
GEN-0216,Ciprofloxacin,S,0.25
GEN-0216,Gentamicin,R,16.0
GEN-0216,Meropenem,S,0.03
GEN-0217,Ceftriaxone,R,64.0
GEN-0217,Ciprofloxacin,R,32.0
GEN-0217,Meropenem,S,0.03
GEN-0218,Ceftriaxone,S,0.06
GEN-0218,Ciprofloxacin,S,0.25
GEN-0218,Gentamicin,R,64.0
GEN-0219,Ciprofloxacin,S,0.12
GEN-0219,Gentamicin,R,32.0
GEN-0219,Meropenem,S,0.25
GEN-0220,Ceftriaxone,R,64.0
GEN-0220,Gentamicin,S,0.03
GEN-0220,Meropenem,S,0.03
GEN-0221,Ceftriaxone,R,16.0
GEN-0221,Ciprofloxacin,S,0.03
GEN-0221,Gentamicin,S,0.12
GEN-0221,Meropenem,S,0.12
GEN-0222,Ceftriaxone,R,32.0
GEN-0222,Ciprofloxacin,R,8.0
GEN-0222,Gentamicin,R,8.0
GEN-0222,Meropenem,S,0.25
GEN-0223,Ceftriaxone,R,16.0
GEN-0223,Ciprofloxacin,S,0.06
GEN-0223,Gentamicin,R,8.0
GEN-0223,Meropenem,S,0.06
GEN-0224,Ceftriaxone,R,8.0
GEN-0224,Ciprofloxacin,S,0.06
GEN-0224,Gentamicin,R,32.0
GEN-0224,Meropenem,S,0.25
GEN-0225,Ceftriaxone,R,16.0
GEN-0225,Ciprofloxacin,R,16.0
GEN-0225,Gentamicin,R,8.0
GEN-0225,Meropenem,S,0.12
GEN-0226,Ceftriaxone,R,8.0
GEN-0226,Gentamicin,S,0.03
GEN-0226,Meropenem,S,0.06
GEN-0227,Ceftriaxone,R,8.0
GEN-0227,Ciprofloxacin,S,0.06
GEN-0227,Gentamicin,S,0.25
GEN-0227,Meropenem,S,0.12
GEN-0228,Ciprofloxacin,S,0.06
GEN-0228,Gentamicin,R,32.0
GEN-0228,Meropenem,S,0.25
GEN-0229,Ceftriaxone,S,0.25
GEN-0229,Ciprofloxacin,S,0.03
GEN-0229,Gentamicin,R,32.0
GEN-0229,Meropenem,S,0.25
GEN-0230,Ceftriaxone,S,0.03
GEN-0230,Ciprofloxacin,S,0.03
GEN-0230,Gentamicin,R,32.0
GEN-0231,Ciprofloxacin,S,0.03
GEN-0231,Gentamicin,S,0.25
GEN-0231,Meropenem,R,32.0
GEN-0232,Ceftriaxone,R,32.0
GEN-0232,Ciprofloxacin,S,0.12
GEN-0232,Gentamicin,R,16.0
GEN-0232,Meropenem,S,0.03
GEN-0233,Ceftriaxone,R,16.0
GEN-0233,Ciprofloxacin,S,0.25
GEN-0233,Gentamicin,R,64.0
GEN-0233,Meropenem,S,0.12
GEN-0234,Ceftriaxone,R,32.0
GEN-0234,Gentamicin,R,8.0
GEN-0234,Meropenem,S,0.03
GEN-0235,Ceftriaxone,R,8.0
GEN-0235,Ciprofloxacin,S,0.03
GEN-0235,Gentamicin,R,64.0
GEN-0235,Meropenem,S,0.06
GEN-0236,Ceftriaxone,R,16.0
GEN-0236,Ciprofloxacin,S,0.25
GEN-0236,Gentamicin,R,64.0
GEN-0237,Ceftriaxone,R,16.0
GEN-0237,Ciprofloxacin,S,0.25
GEN-0237,Gentamicin,R,16.0
GEN-0237,Meropenem,S,0.06
GEN-0238,Ceftriaxone,R,32.0
GEN-0238,Ciprofloxacin,S,0.12
GEN-0238,Gentamicin,R,16.0
GEN-0238,Meropenem,S,0.12
GEN-0239,Ceftriaxone,R,8.0
GEN-0239,Ciprofloxacin,S,0.06
GEN-0239,Gentamicin,R,8.0
GEN-0239,Meropenem,S,0.06
GEN-0240,Ceftriaxone,R,8.0
GEN-0240,Ciprofloxacin,S,0.06
GEN-0240,Gentamicin,R,32.0
GEN-0240,Meropenem,S,0.03
GEN-0241,Ceftriaxone,S,0.03
GEN-0241,Ciprofloxacin,S,0.12
GEN-0241,Gentamicin,R,64.0
GEN-0241,Meropenem,S,0.25
GEN-0242,Ciprofloxacin,R,16.0
GEN-0242,Gentamicin,R,64.0
GEN-0242,Meropenem,S,0.06
GEN-0243,Ceftriaxone,R,8.0
GEN-0243,Ciprofloxacin,S,0.06
GEN-0243,Meropenem,S,0.06
GEN-0244,Ceftriaxone,R,8.0
GEN-0244,Gentamicin,R,32.0
GEN-0244,Meropenem,S,0.06
GEN-0245,Ciprofloxacin,S,0.12
GEN-0245,Gentamicin,R,16.0
GEN-0245,Meropenem,S,0.03
GEN-0246,Ciprofloxacin,S,0.06
GEN-0246,Gentamicin,S,0.06
GEN-0247,Ceftriaxone,S,0.06
GEN-0247,Gentamicin,S,0.25
GEN-0247,Meropenem,S,0.25
GEN-0248,Ceftriaxone,S,0.06
GEN-0248,Ciprofloxacin,S,0.03
GEN-0248,Gentamicin,S,0.12
GEN-0249,Ceftriaxone,S,0.06
GEN-0249,Meropenem,S,0.25
GEN-0250,Ceftriaxone,S,0.03
GEN-0250,Ciprofloxacin,S,0.12
GEN-0250,Gentamicin,S,0.03
GEN-0250,Meropenem,R,8.0
GEN-0251,Ceftriaxone,S,0.06
GEN-0251,Ciprofloxacin,R,16.0
GEN-0251,Meropenem,S,0.06
GEN-0252,Ceftriaxone,S,0.03
GEN-0252,Ciprofloxacin,R,32.0
GEN-0252,Gentamicin,S,0.06
GEN-0252,Meropenem,S,0.06
GEN-0253,Ciprofloxacin,R,8.0
GEN-0253,Meropenem,R,16.0
GEN-0254,Gentamicin,S,0.06
GEN-0254,Meropenem,S,0.06
GEN-0255,Ceftriaxone,S,0.25
GEN-0255,Ciprofloxacin,R,64.0
GEN-0255,Gentamicin,S,0.25
GEN-0255,Meropenem,S,0.06
GEN-0256,Ceftriaxone,S,0.06
GEN-0256,Ciprofloxacin,R,64.0
GEN-0256,Gentamicin,S,0.12
GEN-0256,Meropenem,S,0.06
GEN-0257,Gentamicin,S,0.12
GEN-0257,Meropenem,R,16.0
GEN-0258,Ceftriaxone,S,0.12
GEN-0258,Ciprofloxacin,R,32.0
GEN-0258,Gentamicin,S,0.06
GEN-0258,Meropenem,S,0.25
GEN-0259,Ceftriaxone,S,0.03
GEN-0259,Gentamicin,S,0.06
GEN-0259,Meropenem,S,0.06
GEN-0260,Ceftriaxone,S,0.12
GEN-0260,Ciprofloxacin,R,16.0
GEN-0260,Gentamicin,S,0.25
GEN-0260,Meropenem,S,0.06
GEN-0261,Ceftriaxone,S,0.06
GEN-0261,Ciprofloxacin,R,16.0
GEN-0261,Gentamicin,S,0.06
GEN-0261,Meropenem,S,0.25
GEN-0262,Ceftriaxone,R,32.0
GEN-0262,Gentamicin,R,32.0
GEN-0262,Meropenem,S,0.25
GEN-0263,Ceftriaxone,R,32.0
GEN-0263,Ciprofloxacin,R,64.0
GEN-0263,Meropenem,R,16.0
GEN-0264,Ceftriaxone,S,0.12
GEN-0264,Ciprofloxacin,R,32.0
GEN-0264,Gentamicin,S,0.12
GEN-0264,Meropenem,S,0.06
GEN-0265,Ceftriaxone,R,32.0
GEN-0265,Ciprofloxacin,R,8.0
GEN-0265,Meropenem,S,0.12
GEN-0266,Ceftriaxone,R,64.0
GEN-0266,Ciprofloxacin,R,32.0
GEN-0266,Gentamicin,R,8.0
GEN-0266,Meropenem,S,0.03
GEN-0267,Ceftriaxone,R,8.0
GEN-0267,Ciprofloxacin,R,64.0
GEN-0267,Gentamicin,R,32.0
GEN-0267,Meropenem,S,0.25
GEN-0268,Ceftriaxone,R,8.0
GEN-0268,Ciprofloxacin,R,8.0
GEN-0268,Gentamicin,R,64.0
GEN-0268,Meropenem,S,0.03
GEN-0269,Ceftriaxone,R,16.0
GEN-0269,Ciprofloxacin,R,16.0
GEN-0269,Meropenem,S,0.06
GEN-0270,Ceftriaxone,R,64.0
GEN-0270,Ciprofloxacin,R,32.0
GEN-0270,Meropenem,S,0.12
GEN-0271,Ceftriaxone,S,0.03
GEN-0271,Ciprofloxacin,R,32.0
GEN-0271,Gentamicin,R,8.0
GEN-0271,Meropenem,S,0.25
GEN-0272,Ceftriaxone,S,0.06
GEN-0272,Ciprofloxacin,R,16.0
GEN-0272,Gentamicin,R,32.0
GEN-0272,Meropenem,S,0.06
GEN-0273,Ceftriaxone,S,0.06
GEN-0273,Ciprofloxacin,R,32.0
GEN-0273,Meropenem,S,0.25
GEN-0274,Ceftriaxone,S,0.12
GEN-0274,Ciprofloxacin,R,64.0
GEN-0274,Gentamicin,R,32.0
GEN-0274,Meropenem,S,0.03
GEN-0275,Ceftriaxone,S,0.06
GEN-0275,Ciprofloxacin,R,16.0
GEN-0275,Gentamicin,R,16.0
GEN-0275,Meropenem,S,0.06
GEN-0276,Ciprofloxacin,R,8.0
GEN-0276,Gentamicin,R,8.0
GEN-0276,Meropenem,S,0.12
GEN-0277,Ciprofloxacin,R,8.0
GEN-0277,Gentamicin,R,32.0
GEN-0278,Ciprofloxacin,R,16.0
GEN-0278,Gentamicin,R,32.0
GEN-0279,Ciprofloxacin,R,64.0
GEN-0279,Gentamicin,R,16.0
GEN-0280,Ciprofloxacin,R,32.0
GEN-0280,Gentamicin,R,8.0
GEN-0281,Ciprofloxacin,R,64.0
GEN-0281,Gentamicin,R,8.0
GEN-0282,Ciprofloxacin,R,64.0
GEN-0282,Gentamicin,R,64.0
GEN-0283,Ceftriaxone,R,16.0
GEN-0283,Ciprofloxacin,S,0.03
GEN-0283,Gentamicin,S,0.03
GEN-0283,Meropenem,R,64.0
GEN-0284,Ceftriaxone,R,16.0
GEN-0284,Ciprofloxacin,R,16.0
GEN-0284,Gentamicin,S,0.12
GEN-0284,Meropenem,R,32.0
GEN-0285,Ciprofloxacin,S,0.06
GEN-0285,Gentamicin,S,0.06
GEN-0285,Meropenem,S,0.12
GEN-0286,Ciprofloxacin,S,0.03
GEN-0286,Gentamicin,S,0.03
GEN-0287,Ciprofloxacin,S,0.06
GEN-0287,Gentamicin,S,0.12
GEN-0287,Meropenem,R,32.0
GEN-0288,Ceftriaxone,R,8.0
GEN-0288,Ciprofloxacin,S,0.03
GEN-0288,Gentamicin,S,0.12
GEN-0289,Ciprofloxacin,S,0.03
GEN-0289,Gentamicin,S,0.03
GEN-0290,Ceftriaxone,R,16.0
GEN-0290,Ciprofloxacin,S,0.25
GEN-0290,Gentamicin,S,0.03
GEN-0290,Meropenem,S,0.06
GEN-0291,Ceftriaxone,R,8.0
GEN-0291,Ciprofloxacin,R,8.0
GEN-0292,Ceftriaxone,R,8.0
GEN-0292,Gentamicin,S,0.25
GEN-0293,Ceftriaxone,R,32.0
GEN-0293,Gentamicin,S,0.06
GEN-0293,Meropenem,S,0.03
GEN-0294,Ceftriaxone,R,64.0
GEN-0294,Ciprofloxacin,S,0.25
GEN-0294,Gentamicin,S,0.03
GEN-0294,Meropenem,S,0.12
GEN-0295,Ceftriaxone,S,0.25
GEN-0295,Ciprofloxacin,S,0.12
GEN-0295,Gentamicin,S,0.06
GEN-0295,Meropenem,S,0.03
GEN-0296,Ceftriaxone,S,0.12
GEN-0296,Ciprofloxacin,R,16.0
GEN-0296,Gentamicin,S,0.03
GEN-0297,Ceftriaxone,S,0.06
GEN-0297,Ciprofloxacin,R,16.0
GEN-0298,Ceftriaxone,S,0.03
GEN-0298,Ciprofloxacin,R,16.0
GEN-0298,Gentamicin,S,0.06
GEN-0298,Meropenem,S,0.25
GEN-0299,Ceftriaxone,S,0.03
GEN-0299,Ciprofloxacin,R,32.0
GEN-0299,Gentamicin,S,0.03
GEN-0299,Meropenem,S,0.03
GEN-0300,Ceftriaxone,S,0.12
GEN-0300,Ciprofloxacin,S,0.06
GEN-0300,Meropenem,S,0.12
GEN-0301,Ceftriaxone,R,32.0
GEN-0301,Ciprofloxacin,R,16.0
GEN-0301,Gentamicin,S,0.03
GEN-0301,Meropenem,S,0.12
GEN-0302,Ceftriaxone,S,0.03
GEN-0302,Ciprofloxacin,R,8.0
GEN-0302,Meropenem,S,0.12
GEN-0303,Ceftriaxone,S,0.03
GEN-0303,Ciprofloxacin,R,32.0
GEN-0303,Meropenem,S,0.25
GEN-0304,Ceftriaxone,R,64.0
GEN-0304,Ciprofloxacin,R,8.0
GEN-0304,Gentamicin,R,64.0
GEN-0304,Meropenem,R,16.0
GEN-0305,Meropenem,S,0.25
GEN-0306,Ciprofloxacin,R,16.0
GEN-0306,Gentamicin,R,64.0
GEN-0306,Meropenem,S,0.06
GEN-0307,Ciprofloxacin,S,0.12
GEN-0307,Gentamicin,R,16.0
GEN-0308,Ceftriaxone,R,16.0
GEN-0308,Gentamicin,R,64.0
GEN-0309,Ceftriaxone,R,64.0
GEN-0309,Ciprofloxacin,R,64.0
GEN-0309,Gentamicin,R,32.0
GEN-0309,Meropenem,S,0.12
GEN-0310,Ceftriaxone,R,64.0
GEN-0310,Gentamicin,R,32.0
GEN-0310,Meropenem,R,64.0
GEN-0311,Ceftriaxone,R,8.0
GEN-0311,Ciprofloxacin,R,64.0
GEN-0311,Gentamicin,R,16.0
GEN-0311,Meropenem,S,0.12
GEN-0312,Ceftriaxone,R,16.0
GEN-0312,Ciprofloxacin,R,8.0
GEN-0312,Gentamicin,R,16.0
GEN-0313,Ceftriaxone,R,8.0
GEN-0313,Ciprofloxacin,S,0.03
GEN-0313,Gentamicin,R,16.0
GEN-0313,Meropenem,R,32.0
GEN-0314,Ceftriaxone,R,32.0
GEN-0314,Ciprofloxacin,R,64.0
GEN-0314,Gentamicin,R,64.0
GEN-0314,Meropenem,S,0.03
GEN-0315,Ceftriaxone,R,32.0
GEN-0315,Ciprofloxacin,R,8.0
GEN-0315,Gentamicin,S,0.06
GEN-0315,Meropenem,S,0.25
GEN-0316,Ceftriaxone,R,32.0
GEN-0316,Gentamicin,R,8.0
GEN-0316,Meropenem,S,0.25
GEN-0317,Ceftriaxone,R,32.0
GEN-0317,Ciprofloxacin,S,0.03
GEN-0317,Meropenem,S,0.06
GEN-0318,Ceftriaxone,R,8.0
GEN-0318,Ciprofloxacin,R,16.0
GEN-0318,Gentamicin,R,32.0
GEN-0319,Ceftriaxone,R,16.0
GEN-0319,Ciprofloxacin,R,32.0
GEN-0319,Meropenem,S,0.03
GEN-0320,Ceftriaxone,R,16.0
GEN-0320,Ciprofloxacin,R,16.0
GEN-0320,Gentamicin,R,16.0
GEN-0320,Meropenem,S,0.06
GEN-0321,Ciprofloxacin,R,64.0
GEN-0322,Ceftriaxone,R,32.0
GEN-0322,Gentamicin,R,32.0
GEN-0323,Ceftriaxone,R,16.0
GEN-0323,Ciprofloxacin,R,32.0
GEN-0323,Gentamicin,S,0.12
GEN-0323,Meropenem,S,0.06
GEN-0324,Ceftriaxone,R,64.0
GEN-0324,Ciprofloxacin,R,32.0
GEN-0324,Meropenem,S,0.06
GEN-0325,Ceftriaxone,R,8.0
GEN-0325,Ciprofloxacin,R,16.0
GEN-0325,Gentamicin,R,8.0
GEN-0326,Ceftriaxone,R,32.0
GEN-0326,Ciprofloxacin,R,32.0
GEN-0326,Gentamicin,R,16.0
GEN-0327,Ceftriaxone,S,0.25
GEN-0327,Ciprofloxacin,S,0.12
GEN-0327,Gentamicin,S,0.12
GEN-0327,Meropenem,S,0.25
GEN-0328,Ceftriaxone,S,0.03
GEN-0328,Ciprofloxacin,S,0.03
GEN-0328,Gentamicin,S,0.25
GEN-0328,Meropenem,S,0.06
GEN-0329,Ceftriaxone,R,32.0
GEN-0329,Ciprofloxacin,S,0.03
GEN-0329,Gentamicin,R,8.0
GEN-0329,Meropenem,S,0.25
GEN-0330,Ceftriaxone,S,0.06
GEN-0330,Ciprofloxacin,R,64.0
GEN-0330,Gentamicin,S,0.03
GEN-0330,Meropenem,R,16.0
GEN-0331,Ciprofloxacin,S,0.06
GEN-0331,Gentamicin,S,0.12
GEN-0332,Ceftriaxone,S,0.06
GEN-0332,Ciprofloxacin,S,0.03
GEN-0332,Gentamicin,S,0.06
GEN-0332,Meropenem,S,0.06
GEN-0333,Ceftriaxone,S,0.03
GEN-0333,Ciprofloxacin,S,0.06
GEN-0333,Gentamicin,S,0.12
GEN-0333,Meropenem,S,0.25
GEN-0334,Ceftriaxone,R,8.0
GEN-0334,Ciprofloxacin,S,0.12
GEN-0334,Gentamicin,R,8.0
GEN-0334,Meropenem,R,8.0
GEN-0335,Ceftriaxone,R,16.0
GEN-0335,Ciprofloxacin,S,0.25
GEN-0335,Gentamicin,R,32.0
GEN-0336,Ceftriaxone,R,16.0
GEN-0336,Ciprofloxacin,S,0.12
GEN-0336,Gentamicin,R,64.0
GEN-0336,Meropenem,R,32.0
GEN-0337,Ceftriaxone,R,8.0
GEN-0337,Ciprofloxacin,S,0.06
GEN-0337,Gentamicin,R,64.0
GEN-0337,Meropenem,S,0.25
GEN-0338,Ceftriaxone,S,0.03
GEN-0338,Ciprofloxacin,R,32.0
GEN-0338,Gentamicin,R,64.0
GEN-0338,Meropenem,R,64.0
GEN-0339,Ceftriaxone,R,16.0
GEN-0339,Ciprofloxacin,S,0.12
GEN-0339,Gentamicin,R,32.0
GEN-0340,Ciprofloxacin,R,64.0
GEN-0340,Gentamicin,R,32.0
GEN-0340,Meropenem,R,64.0
GEN-0341,Gentamicin,R,64.0
GEN-0342,Gentamicin,S,0.25
GEN-0343,Gentamicin,S,0.03
GEN-0345,Gentamicin,S,0.06
GEN-0347,Gentamicin,S,0.03
GEN-0348,Gentamicin,S,0.06
GEN-0349,Gentamicin,S,0.06
GEN-0350,Gentamicin,R,32.0
GEN-0351,Gentamicin,S,0.25
GEN-0352,Ceftriaxone,R,16.0
GEN-0352,Ciprofloxacin,R,8.0
GEN-0352,Meropenem,S,0.06
GEN-0353,Gentamicin,S,0.03
GEN-0353,Meropenem,S,0.25
GEN-0354,Ceftriaxone,R,16.0
GEN-0354,Ciprofloxacin,R,64.0
GEN-0354,Gentamicin,S,0.12
GEN-0354,Meropenem,S,0.03
GEN-0355,Ceftriaxone,R,8.0
GEN-0355,Ciprofloxacin,S,0.25
GEN-0355,Gentamicin,R,32.0
GEN-0355,Meropenem,S,0.06
GEN-0356,Ceftriaxone,R,16.0
GEN-0356,Ciprofloxacin,R,64.0
GEN-0356,Meropenem,S,0.03
GEN-0357,Ceftriaxone,R,64.0
GEN-0357,Ciprofloxacin,R,8.0
GEN-0357,Gentamicin,S,0.12
GEN-0357,Meropenem,S,0.06
GEN-0358,Ceftriaxone,R,64.0
GEN-0358,Ciprofloxacin,R,64.0
GEN-0358,Gentamicin,S,0.25
GEN-0358,Meropenem,S,0.25
GEN-0359,Ceftriaxone,S,0.25
GEN-0359,Ciprofloxacin,S,0.06
GEN-0359,Gentamicin,S,0.03
GEN-0359,Meropenem,S,0.25
GEN-0360,Ceftriaxone,S,0.12
GEN-0360,Ciprofloxacin,S,0.12
GEN-0360,Gentamicin,S,0.06
GEN-0360,Meropenem,S,0.06
GEN-0361,Ceftriaxone,S,0.25
GEN-0361,Ciprofloxacin,R,32.0
GEN-0361,Meropenem,S,0.12
GEN-0362,Ceftriaxone,S,0.25
GEN-0362,Gentamicin,S,0.06
GEN-0362,Meropenem,S,0.06
GEN-0363,Ceftriaxone,S,0.12
GEN-0363,Ciprofloxacin,S,0.12
GEN-0363,Meropenem,R,8.0
GEN-0364,Ceftriaxone,S,0.12
GEN-0364,Ciprofloxacin,R,32.0
GEN-0364,Gentamicin,R,16.0
GEN-0364,Meropenem,S,0.12
GEN-0365,Ceftriaxone,R,32.0
GEN-0365,Ciprofloxacin,S,0.03
GEN-0365,Gentamicin,R,8.0
GEN-0365,Meropenem,S,0.12
GEN-0366,Ceftriaxone,S,0.06
GEN-0366,Ciprofloxacin,S,0.03
GEN-0366,Gentamicin,R,64.0
GEN-0366,Meropenem,S,0.25
GEN-0367,Ceftriaxone,S,0.06
GEN-0367,Ciprofloxacin,S,0.06
GEN-0367,Meropenem,S,0.03
GEN-0368,Gentamicin,R,64.0
GEN-0368,Meropenem,S,0.06
GEN-0369,Ceftriaxone,S,0.25
GEN-0369,Ciprofloxacin,S,0.06
GEN-0369,Gentamicin,R,16.0
GEN-0370,Ceftriaxone,S,0.03
GEN-0370,Gentamicin,S,0.25
GEN-0370,Meropenem,S,0.06
GEN-0371,Ceftriaxone,S,0.03
GEN-0371,Gentamicin,S,0.06
GEN-0371,Meropenem,S,0.12
GEN-0372,Gentamicin,S,0.06
GEN-0373,Ceftriaxone,S,0.25
GEN-0373,Gentamicin,S,0.06
GEN-0373,Meropenem,S,0.03
GEN-0374,Ceftriaxone,S,0.25
GEN-0374,Meropenem,R,16.0
GEN-0375,Ceftriaxone,S,0.03
GEN-0375,Gentamicin,S,0.06
GEN-0375,Meropenem,S,0.03
GEN-0376,Ceftriaxone,S,0.12
GEN-0376,Gentamicin,S,0.12
GEN-0376,Meropenem,S,0.03
GEN-0377,Ceftriaxone,S,0.25
GEN-0377,Gentamicin,S,0.25
GEN-0377,Meropenem,S,0.06
GEN-0378,Ceftriaxone,S,0.25
GEN-0378,Gentamicin,S,0.03
GEN-0378,Meropenem,S,0.25
GEN-0379,Ceftriaxone,S,0.03
GEN-0379,Meropenem,S,0.03
GEN-0380,Ciprofloxacin,S,0.03
GEN-0380,Meropenem,S,0.25
GEN-0381,Ceftriaxone,R,32.0
GEN-0381,Ciprofloxacin,S,0.06
GEN-0381,Gentamicin,R,8.0
GEN-0381,Meropenem,S,0.06
GEN-0382,Ciprofloxacin,S,0.12
GEN-0382,Gentamicin,R,16.0
GEN-0382,Meropenem,S,0.25
GEN-0383,Ceftriaxone,R,32.0
GEN-0383,Ciprofloxacin,R,32.0
GEN-0383,Gentamicin,S,0.06
GEN-0383,Meropenem,S,0.25
GEN-0384,Ciprofloxacin,S,0.03
GEN-0384,Gentamicin,R,16.0
GEN-0384,Meropenem,S,0.12
GEN-0385,Ceftriaxone,R,8.0
GEN-0385,Ciprofloxacin,S,0.25
GEN-0385,Gentamicin,R,16.0
GEN-0385,Meropenem,R,32.0
GEN-0386,Ceftriaxone,R,16.0
GEN-0386,Ciprofloxacin,S,0.25
GEN-0386,Gentamicin,R,64.0
GEN-0386,Meropenem,S,0.06
GEN-0387,Ceftriaxone,R,64.0
GEN-0387,Ciprofloxacin,S,0.03
GEN-0387,Gentamicin,R,8.0
GEN-0387,Meropenem,S,0.03
GEN-0388,Ceftriaxone,R,16.0
GEN-0388,Ciprofloxacin,R,8.0
GEN-0388,Gentamicin,S,0.06
GEN-0388,Meropenem,S,0.06
GEN-0389,Ceftriaxone,R,8.0
GEN-0389,Ciprofloxacin,R,8.0
GEN-0389,Meropenem,S,0.06
GEN-0390,Ciprofloxacin,R,64.0
GEN-0390,Gentamicin,S,0.25
GEN-0390,Meropenem,S,0.03
GEN-0391,Ceftriaxone,R,64.0
GEN-0391,Ciprofloxacin,R,16.0
GEN-0391,Gentamicin,S,0.25
GEN-0391,Meropenem,S,0.25
GEN-0392,Ceftriaxone,R,32.0
GEN-0392,Ciprofloxacin,R,16.0
GEN-0392,Gentamicin,S,0.06
GEN-0392,Meropenem,S,0.25
GEN-0393,Ceftriaxone,R,64.0
GEN-0393,Ciprofloxacin,R,16.0
GEN-0393,Gentamicin,S,0.12
GEN-0393,Meropenem,R,64.0
GEN-0394,Ceftriaxone,S,0.12
GEN-0394,Ciprofloxacin,R,32.0
GEN-0394,Gentamicin,S,0.12
GEN-0394,Meropenem,S,0.25
GEN-0395,Ceftriaxone,R,32.0
GEN-0395,Ciprofloxacin,R,32.0
GEN-0395,Gentamicin,S,0.12
GEN-0396,Ciprofloxacin,R,64.0
GEN-0396,Gentamicin,S,0.25
GEN-0396,Meropenem,S,0.06
GEN-0397,Ceftriaxone,R,64.0
GEN-0397,Ciprofloxacin,R,64.0
GEN-0397,Gentamicin,S,0.12
GEN-0398,Ceftriaxone,R,16.0
GEN-0398,Ciprofloxacin,R,32.0
GEN-0398,Gentamicin,S,0.25
GEN-0398,Meropenem,S,0.03
GEN-0399,Ceftriaxone,R,64.0
GEN-0399,Ciprofloxacin,R,8.0
GEN-0399,Meropenem,S,0.25
GEN-0400,Ceftriaxone,R,32.0
GEN-0400,Ciprofloxacin,R,64.0
GEN-0400,Gentamicin,S,0.03
GEN-0401,Ceftriaxone,S,0.06
GEN-0401,Ciprofloxacin,S,0.03
GEN-0401,Gentamicin,R,8.0
GEN-0401,Meropenem,S,0.12
GEN-0402,Ciprofloxacin,S,0.06
GEN-0402,Gentamicin,S,0.06
GEN-0403,Ciprofloxacin,S,0.03
GEN-0403,Gentamicin,S,0.12
GEN-0404,Ciprofloxacin,S,0.12
GEN-0404,Gentamicin,S,0.06
GEN-0405,Gentamicin,S,0.12
GEN-0406,Ciprofloxacin,S,0.12
GEN-0406,Gentamicin,S,0.12
GEN-0406,Meropenem,S,0.12
GEN-0407,Ceftriaxone,R,16.0
GEN-0407,Ciprofloxacin,S,0.25
GEN-0407,Gentamicin,S,0.25
GEN-0407,Meropenem,R,32.0
GEN-0408,Ceftriaxone,R,16.0
GEN-0408,Ciprofloxacin,R,8.0
GEN-0408,Gentamicin,S,0.06
GEN-0408,Meropenem,S,0.25
GEN-0409,Ceftriaxone,S,0.25
GEN-0409,Ciprofloxacin,S,0.12
GEN-0409,Gentamicin,S,0.06
GEN-0409,Meropenem,S,0.06
GEN-0410,Ciprofloxacin,S,0.12
GEN-0411,Ceftriaxone,R,8.0
GEN-0411,Ciprofloxacin,S,0.06
GEN-0411,Gentamicin,S,0.06
GEN-0411,Meropenem,S,0.25
GEN-0412,Ciprofloxacin,S,0.03
GEN-0413,Ceftriaxone,R,16.0
GEN-0413,Ciprofloxacin,S,0.12
GEN-0413,Gentamicin,S,0.12
GEN-0413,Meropenem,S,0.03
GEN-0414,Ceftriaxone,R,32.0
GEN-0414,Ciprofloxacin,S,0.03
GEN-0414,Gentamicin,S,0.03
GEN-0414,Meropenem,S,0.03
GEN-0415,Ceftriaxone,R,64.0
GEN-0415,Gentamicin,S,0.12
GEN-0416,Ceftriaxone,S,0.06
GEN-0416,Ciprofloxacin,S,0.12
GEN-0416,Gentamicin,S,0.06
GEN-0417,Ceftriaxone,S,0.03
GEN-0417,Gentamicin,S,0.12
GEN-0417,Meropenem,R,64.0
GEN-0418,Ceftriaxone,S,0.06
GEN-0418,Ciprofloxacin,S,0.03
GEN-0418,Gentamicin,S,0.12
GEN-0418,Meropenem,R,64.0
GEN-0419,Ceftriaxone,S,0.25
GEN-0419,Ciprofloxacin,R,64.0
GEN-0419,Meropenem,S,0.12
GEN-0420,Ceftriaxone,S,0.03
GEN-0420,Ciprofloxacin,S,0.03
GEN-0420,Gentamicin,S,0.03
GEN-0420,Meropenem,S,0.12
GEN-0421,Ciprofloxacin,S,0.03
GEN-0421,Gentamicin,S,0.25
GEN-0421,Meropenem,S,0.12
GEN-0422,Ceftriaxone,S,0.25
GEN-0422,Ciprofloxacin,R,64.0
GEN-0422,Meropenem,R,16.0
GEN-0423,Ceftriaxone,R,64.0
GEN-0423,Gentamicin,S,0.06
GEN-0423,Meropenem,S,0.06
GEN-0424,Ceftriaxone,S,0.03
GEN-0424,Ciprofloxacin,R,32.0
GEN-0424,Gentamicin,S,0.06
GEN-0425,Ceftriaxone,S,0.25
GEN-0425,Ciprofloxacin,R,8.0
GEN-0425,Gentamicin,R,32.0
GEN-0425,Meropenem,S,0.25
GEN-0426,Ceftriaxone,S,0.25
GEN-0426,Gentamicin,S,0.06
GEN-0426,Meropenem,S,0.06
GEN-0427,Ceftriaxone,S,0.06
GEN-0427,Ciprofloxacin,R,64.0
GEN-0427,Gentamicin,S,0.03
GEN-0427,Meropenem,S,0.25
GEN-0428,Ceftriaxone,S,0.06
GEN-0428,Ciprofloxacin,R,16.0
GEN-0428,Gentamicin,S,0.12
GEN-0428,Meropenem,S,0.06
GEN-0429,Ciprofloxacin,R,8.0
GEN-0429,Gentamicin,S,0.03
GEN-0430,Ceftriaxone,R,32.0
GEN-0430,Ciprofloxacin,R,64.0
GEN-0430,Gentamicin,S,0.25
GEN-0430,Meropenem,S,0.25
GEN-0431,Ceftriaxone,R,64.0
GEN-0431,Ciprofloxacin,R,32.0
GEN-0431,Gentamicin,S,0.06
GEN-0431,Meropenem,S,0.25
GEN-0432,Ceftriaxone,R,8.0
GEN-0432,Ciprofloxacin,R,8.0
GEN-0432,Gentamicin,S,0.12
GEN-0432,Meropenem,R,32.0
GEN-0433,Ceftriaxone,R,16.0
GEN-0433,Ciprofloxacin,R,8.0
GEN-0433,Gentamicin,S,0.25
GEN-0433,Meropenem,R,16.0
GEN-0434,Ceftriaxone,R,64.0
GEN-0434,Gentamicin,S,0.25
GEN-0434,Meropenem,S,0.06
GEN-0435,Ciprofloxacin,S,0.12
GEN-0435,Meropenem,S,0.03
GEN-0436,Ceftriaxone,R,16.0
GEN-0436,Ciprofloxacin,R,8.0
GEN-0436,Gentamicin,S,0.03
GEN-0436,Meropenem,S,0.06
GEN-0437,Ceftriaxone,R,32.0
GEN-0437,Ciprofloxacin,R,16.0
GEN-0437,Meropenem,S,0.06
GEN-0438,Ceftriaxone,R,32.0
GEN-0438,Ciprofloxacin,S,0.25
GEN-0438,Meropenem,S,0.03
GEN-0439,Ceftriaxone,R,8.0
GEN-0439,Ciprofloxacin,S,0.12
GEN-0440,Ceftriaxone,R,8.0
GEN-0440,Gentamicin,S,0.12
GEN-0441,Gentamicin,S,0.12
GEN-0441,Meropenem,S,0.06
GEN-0442,Ceftriaxone,R,8.0
GEN-0442,Ciprofloxacin,S,0.03
GEN-0442,Gentamicin,R,8.0
GEN-0442,Meropenem,S,0.03
GEN-0443,Ceftriaxone,S,0.06
GEN-0443,Ciprofloxacin,R,8.0
GEN-0443,Gentamicin,S,0.12
GEN-0444,Ceftriaxone,R,32.0
GEN-0444,Ciprofloxacin,R,16.0
GEN-0444,Gentamicin,S,0.12
GEN-0445,Ciprofloxacin,S,0.12
GEN-0445,Gentamicin,S,0.03
GEN-0445,Meropenem,S,0.06
GEN-0446,Gentamicin,S,0.25
GEN-0447,Gentamicin,S,0.06
GEN-0447,Meropenem,S,0.12
GEN-0448,Ceftriaxone,R,32.0
GEN-0448,Gentamicin,S,0.12
GEN-0448,Meropenem,S,0.12
GEN-0449,Ceftriaxone,S,0.06
GEN-0449,Ciprofloxacin,R,32.0
GEN-0449,Meropenem,S,0.25
GEN-0450,Ceftriaxone,S,0.03
GEN-0450,Gentamicin,S,0.06
GEN-0450,Meropenem,S,0.03
GEN-0451,Ceftriaxone,R,8.0
GEN-0451,Gentamicin,S,0.25
GEN-0452,Ciprofloxacin,R,64.0
GEN-0452,Gentamicin,R,32.0
GEN-0452,Meropenem,S,0.25
GEN-0453,Ciprofloxacin,S,0.12
GEN-0453,Gentamicin,S,0.12
GEN-0454,Ceftriaxone,R,64.0
GEN-0454,Gentamicin,S,0.06
GEN-0454,Meropenem,S,0.03
GEN-0455,Ceftriaxone,R,8.0
GEN-0455,Ciprofloxacin,R,8.0
GEN-0455,Gentamicin,S,0.25
GEN-0455,Meropenem,S,0.12
GEN-0456,Ceftriaxone,R,32.0
GEN-0456,Gentamicin,S,0.12
GEN-0456,Meropenem,S,0.12
GEN-0457,Ceftriaxone,R,16.0
GEN-0457,Gentamicin,S,0.25
GEN-0457,Meropenem,S,0.03
GEN-0458,Ceftriaxone,R,16.0
GEN-0458,Ciprofloxacin,R,8.0
GEN-0458,Gentamicin,S,0.12
GEN-0458,Meropenem,R,16.0
GEN-0459,Ceftriaxone,R,8.0
GEN-0459,Ciprofloxacin,R,32.0
GEN-0459,Gentamicin,S,0.06
GEN-0459,Meropenem,S,0.06
GEN-0460,Ceftriaxone,R,16.0
GEN-0460,Gentamicin,S,0.12
GEN-0460,Meropenem,S,0.12
GEN-0461,Ceftriaxone,S,0.03
GEN-0461,Ciprofloxacin,R,64.0
GEN-0461,Gentamicin,S,0.25
GEN-0461,Meropenem,S,0.12
GEN-0462,Ceftriaxone,R,8.0
GEN-0462,Ciprofloxacin,R,64.0
GEN-0462,Gentamicin,S,0.06
GEN-0462,Meropenem,S,0.03
GEN-0463,Ceftriaxone,R,16.0
GEN-0463,Gentamicin,S,0.25
GEN-0463,Meropenem,S,0.25
GEN-0464,Ceftriaxone,R,16.0
GEN-0464,Ciprofloxacin,R,64.0
GEN-0465,Ceftriaxone,R,16.0
GEN-0465,Ciprofloxacin,R,32.0
GEN-0466,Ceftriaxone,R,16.0
GEN-0466,Ciprofloxacin,R,32.0
GEN-0466,Gentamicin,S,0.03
GEN-0466,Meropenem,S,0.03
GEN-0467,Ceftriaxone,R,16.0
GEN-0467,Meropenem,S,0.12
GEN-0468,Ciprofloxacin,R,8.0
GEN-0469,Ceftriaxone,R,8.0
GEN-0469,Ciprofloxacin,R,16.0
GEN-0469,Gentamicin,S,0.03
GEN-0469,Meropenem,S,0.12
GEN-0470,Meropenem,S,0.25
GEN-0471,Ceftriaxone,S,0.25
GEN-0471,Gentamicin,S,0.12
GEN-0471,Meropenem,S,0.25
GEN-0472,Ceftriaxone,S,0.12
GEN-0472,Gentamicin,R,8.0
GEN-0473,Ceftriaxone,R,8.0
GEN-0473,Gentamicin,S,0.06
GEN-0473,Meropenem,S,0.25
GEN-0474,Ceftriaxone,S,0.25
GEN-0474,Gentamicin,S,0.12
GEN-0474,Meropenem,S,0.12
GEN-0475,Gentamicin,S,0.25
GEN-0475,Meropenem,S,0.03
GEN-0476,Ceftriaxone,R,16.0
GEN-0476,Ciprofloxacin,S,0.25
GEN-0476,Gentamicin,S,0.25
GEN-0476,Meropenem,S,0.25
GEN-0477,Gentamicin,S,0.06
GEN-0478,Ceftriaxone,S,0.25
GEN-0478,Gentamicin,S,0.03
GEN-0478,Meropenem,S,0.06
GEN-0479,Gentamicin,S,0.12
GEN-0479,Meropenem,S,0.12
GEN-0480,Ceftriaxone,R,16.0
GEN-0480,Gentamicin,S,0.25
GEN-0481,Ceftriaxone,S,0.25
GEN-0481,Gentamicin,S,0.25
GEN-0482,Gentamicin,S,0.03
GEN-0483,Gentamicin,R,8.0
GEN-0484,Ciprofloxacin,S,0.25
GEN-0484,Gentamicin,R,32.0
GEN-0485,Ciprofloxacin,S,0.06
GEN-0485,Gentamicin,R,16.0
GEN-0486,Ciprofloxacin,S,0.12
GEN-0486,Gentamicin,R,64.0
GEN-0487,Ciprofloxacin,S,0.06
GEN-0488,Ciprofloxacin,S,0.06
GEN-0488,Gentamicin,R,32.0
GEN-0489,Ciprofloxacin,S,0.06
GEN-0489,Gentamicin,R,64.0
GEN-0490,Ciprofloxacin,S,0.25
GEN-0490,Gentamicin,R,16.0
GEN-0491,Ciprofloxacin,S,0.06
GEN-0491,Gentamicin,R,32.0
GEN-0492,Ciprofloxacin,S,0.12
GEN-0492,Gentamicin,R,32.0
GEN-0493,Ciprofloxacin,S,0.25
GEN-0493,Gentamicin,R,8.0
GEN-0494,Ciprofloxacin,S,0.25
GEN-0495,Ciprofloxacin,S,0.06
GEN-0495,Gentamicin,R,8.0
GEN-0496,Ciprofloxacin,S,0.12
GEN-0496,Gentamicin,R,64.0
GEN-0497,Gentamicin,R,8.0
GEN-0498,Ciprofloxacin,S,0.06
GEN-0498,Gentamicin,R,64.0
GEN-0499,Ciprofloxacin,S,0.12
GEN-0499,Gentamicin,R,16.0
GEN-0500,Ciprofloxacin,S,0.06
GEN-0500,Gentamicin,R,16.0
GEN-0501,Ciprofloxacin,S,0.06
GEN-0501,Gentamicin,R,8.0
GEN-0502,Ciprofloxacin,S,0.03
GEN-0502,Gentamicin,R,8.0
GEN-0503,Ciprofloxacin,S,0.25
GEN-0504,Ciprofloxacin,S,0.03
GEN-0504,Gentamicin,R,8.0
GEN-0505,Ciprofloxacin,S,0.25
GEN-0506,Ciprofloxacin,S,0.06
GEN-0506,Gentamicin,R,16.0
GEN-0507,Ciprofloxacin,S,0.03
GEN-0507,Gentamicin,R,16.0
GEN-0508,Ciprofloxacin,R,32.0
GEN-0508,Gentamicin,R,32.0
GEN-0509,Ciprofloxacin,S,0.03
GEN-0509,Gentamicin,R,16.0
GEN-0510,Ciprofloxacin,S,0.25
GEN-0510,Gentamicin,R,32.0
GEN-0511,Ciprofloxacin,S,0.03
GEN-0512,Ciprofloxacin,S,0.03
GEN-0512,Gentamicin,R,16.0
GEN-0513,Ciprofloxacin,R,64.0
GEN-0513,Gentamicin,R,64.0
GEN-0514,Ciprofloxacin,S,0.06
GEN-0514,Gentamicin,R,16.0
GEN-0515,Gentamicin,R,8.0
GEN-0516,Ciprofloxacin,R,32.0
GEN-0516,Gentamicin,R,32.0
GEN-0517,Ciprofloxacin,S,0.12
GEN-0517,Gentamicin,R,32.0
GEN-0518,Ciprofloxacin,S,0.06
GEN-0518,Gentamicin,R,16.0
GEN-0520,Ciprofloxacin,S,0.03
GEN-0520,Gentamicin,R,16.0
GEN-0521,Gentamicin,R,64.0
GEN-0522,Ciprofloxacin,S,0.03
GEN-0522,Gentamicin,R,32.0
GEN-0523,Ciprofloxacin,R,16.0
GEN-0523,Gentamicin,R,32.0
GEN-0524,Ciprofloxacin,S,0.06
GEN-0524,Gentamicin,R,64.0
GEN-0525,Ciprofloxacin,S,0.03
GEN-0526,Ciprofloxacin,S,0.12
GEN-0527,Ciprofloxacin,S,0.03
GEN-0527,Gentamicin,R,64.0
GEN-0528,Ciprofloxacin,S,0.25
GEN-0529,Gentamicin,R,64.0
GEN-0530,Ciprofloxacin,S,0.06
GEN-0530,Gentamicin,R,8.0
GEN-0531,Ciprofloxacin,S,0.03
GEN-0531,Gentamicin,R,32.0
GEN-0532,Ciprofloxacin,S,0.06
GEN-0532,Gentamicin,R,8.0
GEN-0533,Gentamicin,R,8.0
GEN-0534,Ciprofloxacin,S,0.03
GEN-0535,Ciprofloxacin,S,0.06
GEN-0537,Gentamicin,S,0.03
GEN-0538,Ciprofloxacin,S,0.06
GEN-0538,Gentamicin,S,0.06
GEN-0539,Ciprofloxacin,S,0.06
GEN-0539,Gentamicin,S,0.06
GEN-0540,Ciprofloxacin,S,0.03
GEN-0540,Gentamicin,R,16.0
GEN-0541,Ciprofloxacin,S,0.12
GEN-0541,Gentamicin,R,16.0
GEN-0542,Ciprofloxacin,S,0.03
GEN-0542,Gentamicin,R,32.0
GEN-0543,Gentamicin,S,0.12
GEN-0544,Ciprofloxacin,S,0.06
GEN-0544,Gentamicin,S,0.12
GEN-0545,Ciprofloxacin,S,0.03
GEN-0546,Ciprofloxacin,S,0.12
GEN-0546,Gentamicin,R,32.0
GEN-0547,Ciprofloxacin,R,16.0
GEN-0547,Gentamicin,R,32.0
GEN-0548,Ciprofloxacin,S,0.03
GEN-0548,Gentamicin,R,64.0
GEN-0549,Meropenem,S,0.03
GEN-0550,Ceftriaxone,R,8.0
GEN-0550,Ciprofloxacin,S,0.06
GEN-0550,Gentamicin,S,0.25
GEN-0550,Meropenem,S,0.12
GEN-0551,Ceftriaxone,S,0.06
GEN-0551,Ciprofloxacin,S,0.12
GEN-0551,Gentamicin,S,0.06
GEN-0552,Ceftriaxone,S,0.03
GEN-0552,Ciprofloxacin,S,0.12
GEN-0552,Gentamicin,S,0.12
GEN-0552,Meropenem,S,0.03
GEN-0553,Ceftriaxone,S,0.03
GEN-0553,Ciprofloxacin,S,0.03
GEN-0553,Gentamicin,S,0.06
GEN-0553,Meropenem,R,64.0
GEN-0554,Ceftriaxone,S,0.06
GEN-0554,Ciprofloxacin,S,0.12
GEN-0554,Meropenem,S,0.25
GEN-0555,Ceftriaxone,S,0.25
GEN-0555,Ciprofloxacin,R,8.0
GEN-0555,Gentamicin,S,0.25
GEN-0555,Meropenem,S,0.03
GEN-0556,Ceftriaxone,S,0.25
GEN-0556,Gentamicin,S,0.03
GEN-0556,Meropenem,S,0.03
GEN-0557,Ceftriaxone,S,0.25
GEN-0557,Ciprofloxacin,S,0.25
GEN-0557,Gentamicin,S,0.06
GEN-0557,Meropenem,S,0.03
GEN-0558,Ciprofloxacin,R,64.0
GEN-0558,Gentamicin,S,0.06
GEN-0558,Meropenem,S,0.25
GEN-0559,Ceftriaxone,R,32.0
GEN-0559,Ciprofloxacin,R,32.0
GEN-0559,Gentamicin,R,32.0
GEN-0559,Meropenem,S,0.06
GEN-0560,Ceftriaxone,S,0.03
GEN-0560,Ciprofloxacin,S,0.06
GEN-0560,Gentamicin,S,0.06
GEN-0561,Ceftriaxone,S,0.25
GEN-0562,Ceftriaxone,S,0.03
GEN-0562,Ciprofloxacin,S,0.25
GEN-0562,Gentamicin,R,8.0
GEN-0562,Meropenem,S,0.12
GEN-0563,Ceftriaxone,S,0.06
GEN-0563,Ciprofloxacin,S,0.12
GEN-0563,Meropenem,R,16.0
GEN-0564,Ceftriaxone,S,0.03
GEN-0564,Ciprofloxacin,S,0.25
GEN-0564,Gentamicin,S,0.06
GEN-0565,Ceftriaxone,S,0.25
GEN-0565,Ciprofloxacin,R,8.0
GEN-0565,Meropenem,S,0.03
GEN-0566,Ceftriaxone,S,0.06
GEN-0566,Ciprofloxacin,S,0.12
GEN-0566,Gentamicin,S,0.12
GEN-0566,Meropenem,R,64.0
GEN-0567,Ceftriaxone,R,8.0
GEN-0567,Ciprofloxacin,S,0.06
GEN-0567,Gentamicin,S,0.12
GEN-0567,Meropenem,R,16.0
GEN-0568,Ceftriaxone,R,8.0
GEN-0568,Ciprofloxacin,S,0.25
GEN-0568,Gentamicin,S,0.25
GEN-0568,Meropenem,R,16.0
GEN-0569,Ceftriaxone,R,32.0
GEN-0569,Gentamicin,S,0.06
GEN-0569,Meropenem,R,8.0
GEN-0570,Ceftriaxone,R,16.0
GEN-0570,Ciprofloxacin,S,0.25
GEN-0570,Gentamicin,S,0.06
GEN-0570,Meropenem,R,64.0
GEN-0571,Ceftriaxone,R,8.0
GEN-0571,Ciprofloxacin,S,0.06
GEN-0571,Gentamicin,R,32.0
GEN-0571,Meropenem,S,0.12
GEN-0572,Ceftriaxone,R,64.0
GEN-0572,Ciprofloxacin,S,0.25
GEN-0572,Gentamicin,S,0.06
GEN-0572,Meropenem,R,8.0
GEN-0573,Ceftriaxone,R,16.0
GEN-0573,Ciprofloxacin,S,0.06
GEN-0573,Gentamicin,S,0.03
GEN-0573,Meropenem,S,0.12
GEN-0574,Ceftriaxone,R,64.0
GEN-0574,Gentamicin,S,0.25
GEN-0574,Meropenem,R,8.0
GEN-0575,Ceftriaxone,R,32.0
GEN-0575,Gentamicin,S,0.25
GEN-0575,Meropenem,R,8.0
GEN-0576,Ciprofloxacin,S,0.06
GEN-0577,Meropenem,R,16.0
GEN-0578,Ceftriaxone,R,16.0
GEN-0578,Ciprofloxacin,S,0.12
GEN-0578,Gentamicin,S,0.25
GEN-0578,Meropenem,R,8.0
GEN-0579,Ceftriaxone,R,8.0
GEN-0579,Ciprofloxacin,S,0.06
GEN-0579,Gentamicin,S,0.25
GEN-0579,Meropenem,S,0.25
GEN-0580,Ceftriaxone,R,8.0
GEN-0580,Ciprofloxacin,S,0.12
GEN-0580,Meropenem,S,0.03
GEN-0581,Ciprofloxacin,S,0.25
GEN-0581,Gentamicin,S,0.12
GEN-0582,Ceftriaxone,R,32.0
GEN-0582,Ciprofloxacin,S,0.25
GEN-0582,Gentamicin,S,0.06
GEN-0582,Meropenem,R,16.0
GEN-0583,Ceftriaxone,R,8.0
GEN-0583,Ciprofloxacin,S,0.06
GEN-0583,Meropenem,R,64.0
GEN-0584,Ceftriaxone,R,32.0
GEN-0584,Meropenem,S,0.03
GEN-0585,Ceftriaxone,R,64.0
GEN-0585,Ciprofloxacin,R,16.0
GEN-0585,Gentamicin,S,0.06
GEN-0585,Meropenem,S,0.12
GEN-0586,Ceftriaxone,R,16.0
GEN-0586,Ciprofloxacin,S,0.03
GEN-0586,Gentamicin,S,0.12
GEN-0587,Ceftriaxone,S,0.06
GEN-0587,Ciprofloxacin,S,0.03
GEN-0587,Gentamicin,S,0.03
GEN-0587,Meropenem,R,64.0
GEN-0588,Ceftriaxone,R,64.0
GEN-0588,Ciprofloxacin,S,0.06
GEN-0588,Gentamicin,S,0.12
GEN-0588,Meropenem,R,32.0
GEN-0589,Ciprofloxacin,R,16.0
GEN-0590,Ciprofloxacin,S,0.12
GEN-0591,Ciprofloxacin,R,16.0
GEN-0591,Gentamicin,S,0.06
GEN-0592,Ciprofloxacin,R,32.0
GEN-0592,Gentamicin,R,32.0
GEN-0593,Ciprofloxacin,R,32.0
GEN-0593,Gentamicin,S,0.03
GEN-0594,Gentamicin,S,0.03
GEN-0595,Ceftriaxone,R,64.0
GEN-0595,Ciprofloxacin,S,0.12
GEN-0595,Gentamicin,S,0.03
GEN-0595,Meropenem,S,0.06
GEN-0596,Ceftriaxone,R,32.0
GEN-0596,Ciprofloxacin,S,0.03
GEN-0596,Meropenem,S,0.06
GEN-0597,Ceftriaxone,R,32.0
GEN-0597,Ciprofloxacin,S,0.25
GEN-0597,Gentamicin,S,0.03
GEN-0597,Meropenem,S,0.25
GEN-0598,Ciprofloxacin,S,0.25
GEN-0598,Gentamicin,S,0.25
GEN-0599,Ciprofloxacin,S,0.25
GEN-0599,Gentamicin,S,0.25
GEN-0599,Meropenem,S,0.25
GEN-0600,Ceftriaxone,R,64.0
GEN-0600,Ciprofloxacin,S,0.25
GEN-0600,Gentamicin,S,0.06
GEN-0600,Meropenem,S,0.12
